"continent","country","pop_1952","lifeExp_1952","gdpPercap_1952","pop_1957","lifeExp_1957","gdpPercap_1957","pop_1962","lifeExp_1962","gdpPercap_1962","pop_1967","lifeExp_1967","gdpPercap_1967","pop_1972","lifeExp_1972","gdpPercap_1972","pop_1977","lifeExp_1977","gdpPercap_1977","pop_1982","lifeExp_1982","gdpPercap_1982","pop_1987","lifeExp_1987","gdpPercap_1987","pop_1992","lifeExp_1992","gdpPercap_1992","pop_1997","lifeExp_1997","gdpPercap_1997","pop_2002","lifeExp_2002","gdpPercap_2002","pop_2007","lifeExp_2007","gdpPercap_2007"
"Asia","Afghanistan",8425333,28.801,779.4453145,9240934,30.332,820.8530296,10267083,31.997,853.10071,11537966,34.02,836.1971382,13079460,36.088,739.9811058,14880372,38.438,786.11336,12881816,39.854,978.0114388,13867957,40.822,852.3959448,16317921,41.674,649.3413952,22227415,41.763,635.341351,25268405,42.129,726.7340548,31889923,43.828,974.5803384
"Europe","Albania",1282697,55.23,1601.056136,1476505,59.28,1942.284244,1728137,64.82,2312.888958,1984060,66.22,2760.196931,2263554,67.69,3313.422188,2509048,68.93,3533.00391,2780097,70.42,3630.880722,3075321,72,3738.932735,3326498,71.581,2497.437901,3428038,72.95,3193.054604,3508512,75.651,4604.211737,3600523,76.423,5937.029526
"Africa","Algeria",9279525,43.077,2449.008185,10270856,45.685,3013.976023,11000948,48.303,2550.81688,12760499,51.407,3246.991771,14760787,54.518,4182.663766,17152804,58.014,4910.416756,20033753,61.368,5745.160213,23254956,65.799,5681.358539,26298373,67.744,5023.216647,29072015,69.152,4797.295051,31287142,70.994,5288.040382,33333216,72.301,6223.367465
"Africa","Angola",4232095,30.015,3520.610273,4561361,31.999,3827.940465,4826015,34,4269.276742,5247469,35.985,5522.776375,5894858,37.928,5473.288005,6162675,39.483,3008.647355,7016384,39.942,2756.953672,7874230,39.906,2430.208311,8735988,40.647,2627.845685,9875024,40.963,2277.140884,10866106,41.003,2773.287312,12420476,42.731,4797.231267
"Americas","Argentina",17876956,62.485,5911.315053,19610538,64.399,6856.856212,21283783,65.142,7133.166023,22934225,65.634,8052.953021,24779799,67.065,9443.038526,26983828,68.481,10079.02674,29341374,69.942,8997.897412,31620918,70.774,9139.671389,33958947,71.868,9308.41871,36203463,73.275,10967.28195,38331121,74.34,8797.640716,40301927,75.32,12779.37964
"Oceania","Australia",8691212,69.12,10039.59564,9712569,70.33,10949.64959,10794968,70.93,12217.22686,11872264,71.1,14526.12465,13177000,71.93,16788.62948,14074100,73.49,18334.19751,15184200,74.74,19477.00928,16257249,76.32,21888.88903,17481977,77.56,23424.76683,18565243,78.83,26997.93657,19546792,80.37,30687.75473,20434176,81.235,34435.36744
"Europe","Austria",6927772,66.8,6137.076492,6965860,67.48,8842.59803,7129864,69.54,10750.72111,7376998,70.14,12834.6024,7544201,70.63,16661.6256,7568430,72.17,19749.4223,7574613,73.18,21597.08362,7578903,74.94,23687.82607,7914969,76.04,27042.01868,8069876,77.51,29095.92066,8148312,78.98,32417.60769,8199783,79.829,36126.4927
"Asia","Bahrain",120447,50.939,9867.084765,138655,53.832,11635.79945,171863,56.923,12753.27514,202182,59.923,14804.6727,230800,63.3,18268.65839,297410,65.593,19340.10196,377967,69.052,19211.14731,454612,70.75,18524.02406,529491,72.601,19035.57917,598561,73.925,20292.01679,656397,74.795,23403.55927,708573,75.635,29796.04834
"Asia","Bangladesh",46886859,37.484,684.2441716,51365468,39.348,661.6374577,56839289,41.216,686.3415538,62821884,43.453,721.1860862,70759295,45.252,630.2336265,80428306,46.923,659.8772322,93074406,50.009,676.9818656,103764241,52.819,751.9794035,113704579,56.018,837.8101643,123315288,59.412,972.7700352,135656790,62.013,1136.39043,150448339,64.062,1391.253792
"Europe","Belgium",8730405,68,8343.105127,8989111,69.24,9714.960623,9218400,70.25,10991.20676,9556500,70.94,13149.04119,9709100,71.44,16672.14356,9821800,72.8,19117.97448,9856303,73.93,20979.84589,9870200,75.35,22525.56308,10045622,76.46,25575.57069,10199787,77.53,27561.19663,10311970,78.32,30485.88375,10392226,79.441,33692.60508
"Africa","Benin",1738315,38.223,1062.7522,1925173,40.358,959.6010805,2151895,42.618,949.4990641,2427334,44.885,1035.831411,2761407,47.014,1085.796879,3168267,49.19,1029.161251,3641603,50.904,1277.897616,4243788,52.337,1225.85601,4981671,53.919,1191.207681,6066080,54.777,1232.975292,7026113,54.406,1372.877931,8078314,56.728,1441.284873
"Americas","Bolivia",2883315,40.414,2677.326347,3211738,41.89,2127.686326,3593918,43.428,2180.972546,4040665,45.032,2586.886053,4565872,46.714,2980.331339,5079716,50.023,3548.097832,5642224,53.859,3156.510452,6156369,57.251,2753.69149,6893451,59.957,2961.699694,7693188,62.05,3326.143191,8445134,63.883,3413.26269,9119152,65.554,3822.137084
"Europe","Bosnia and Herzegovina",2791000,53.82,973.5331948,3076000,58.45,1353.989176,3349000,61.93,1709.683679,3585000,64.79,2172.352423,3819000,67.45,2860.16975,4086000,69.86,3528.481305,4172693,70.69,4126.613157,4338977,71.14,4314.114757,4256013,72.178,2546.781445,3607000,73.244,4766.355904,4165416,74.09,6018.975239,4552198,74.852,7446.298803
"Africa","Botswana",442308,47.622,851.2411407,474639,49.618,918.2325349,512764,51.52,983.6539764,553541,53.298,1214.709294,619351,56.024,2263.611114,781472,59.319,3214.857818,970347,61.484,4551.14215,1151184,63.622,6205.88385,1342614,62.745,7954.111645,1536536,52.556,8647.142313,1630347,46.634,11003.60508,1639131,50.728,12569.85177
"Americas","Brazil",56602560,50.917,2108.944355,65551171,53.285,2487.365989,76039390,55.665,3336.585802,88049823,57.632,3429.864357,100840058,59.504,4985.711467,114313951,61.489,6660.118654,128962939,63.336,7030.835878,142938076,65.205,7807.095818,155975974,67.057,6950.283021,168546719,69.388,7957.980824,179914212,71.006,8131.212843,190010647,72.39,9065.800825
"Europe","Bulgaria",7274900,59.6,2444.286648,7651254,66.61,3008.670727,8012946,69.51,4254.337839,8310226,70.42,5577.0028,8576200,70.9,6597.494398,8797022,70.81,7612.240438,8892098,71.08,8224.191647,8971958,71.34,8239.854824,8658506,71.19,6302.623438,8066057,70.32,5970.38876,7661799,72.14,7696.777725,7322858,73.005,10680.79282
"Africa","Burkina Faso",4469979,31.975,543.2552413,4713416,34.906,617.1834648,4919632,37.814,722.5120206,5127935,40.697,794.8265597,5433886,43.591,854.7359763,5889574,46.137,743.3870368,6634596,48.122,807.1985855,7586551,49.557,912.0631417,8878303,50.26,931.7527731,10352843,50.324,946.2949618,12251209,50.65,1037.645221,14326203,52.295,1217.032994
"Africa","Burundi",2445618,39.031,339.2964587,2667518,40.533,379.5646281,2961915,42.045,355.2032273,3330989,43.548,412.9775136,3529983,44.057,464.0995039,3834415,45.91,556.1032651,4580410,47.471,559.603231,5126023,48.211,621.8188189,5809236,44.736,631.6998778,6121610,45.326,463.1151478,7021078,47.36,446.4035126,8390505,49.58,430.0706916
"Asia","Cambodia",4693836,39.417,368.4692856,5322536,41.366,434.0383364,6083619,43.415,496.9136476,6960067,45.415,523.4323142,7450606,40.317,421.6240257,6978607,31.22,524.9721832,7272485,50.957,624.4754784,8371791,53.914,683.8955732,10150094,55.803,682.3031755,11782962,56.534,734.28517,12926707,56.752,896.2260153,14131858,59.723,1713.778686
"Africa","Cameroon",5009067,38.523,1172.667655,5359923,40.428,1313.048099,5793633,42.643,1399.607441,6335506,44.799,1508.453148,7021028,47.049,1684.146528,7959865,49.355,1783.432873,9250831,52.961,2367.983282,10780667,54.985,2602.664206,12467171,54.314,1793.163278,14195809,52.199,1694.337469,15929988,49.856,1934.011449,17696293,50.43,2042.09524
"Americas","Canada",14785584,68.75,11367.16112,17010154,69.96,12489.95006,18985849,71.3,13462.48555,20819767,72.13,16076.58803,22284500,72.88,18970.57086,23796400,74.21,22090.88306,25201900,75.76,22898.79214,26549700,76.86,26626.51503,28523502,77.95,26342.88426,30305843,78.61,28954.92589,31902268,79.77,33328.96507,33390141,80.653,36319.23501
"Africa","Central African Republic",1291695,35.463,1071.310713,1392284,37.464,1190.844328,1523478,39.475,1193.068753,1733638,41.478,1136.056615,1927260,43.457,1070.013275,2167533,46.775,1109.374338,2476971,48.295,956.7529907,2840009,50.485,844.8763504,3265124,49.396,747.9055252,3696513,46.066,740.5063317,4048013,43.308,738.6906068,4369038,44.741,706.016537
"Africa","Chad",2682462,38.092,1178.665927,2894855,39.881,1308.495577,3150417,41.716,1389.817618,3495967,43.601,1196.810565,3899068,45.569,1104.103987,4388260,47.383,1133.98495,4875118,49.517,797.9081006,5498955,51.051,952.386129,6429417,51.724,1058.0643,7562011,51.573,1004.961353,8835739,50.525,1156.18186,10238807,50.651,1704.063724
"Americas","Chile",6377619,54.745,3939.978789,7048426,56.074,4315.622723,7961258,57.924,4519.094331,8858908,60.523,5106.654313,9717524,63.441,5494.024437,10599793,67.052,4756.763836,11487112,70.565,5095.665738,12463354,72.492,5547.063754,13572994,74.126,7596.125964,14599929,75.816,10118.05318,15497046,77.86,10778.78385,16284741,78.553,13171.63885
"Asia","China",556263527.999989,44,400.448610699994,637408000,50.54896,575.9870009,665770000,44.50136,487.6740183,754550000,58.38112,612.7056934,862030000,63.11888,676.9000921,943455000,63.96736,741.2374699,1000281000,65.525,962.4213805,1084035000,67.274,1378.904018,1164970000,68.69,1655.784158,1230075000,70.426,2289.234136,1280400000,72.028,3119.280896,1318683096,72.961,4959.114854
"Americas","Colombia",12350771,50.643,2144.115096,14485993,55.118,2323.805581,17009885,57.863,2492.351109,19764027,59.963,2678.729839,22542890,61.623,3264.660041,25094412,63.837,3815.80787,27764644,66.653,4397.575659,30964245,67.768,4903.2191,34202721,68.421,5444.648617,37657830,70.313,6117.361746,41008227,71.682,5755.259962,44227550,72.889,7006.580419
"Africa","Comoros",153936,40.715,1102.990936,170928,42.46,1211.148548,191689,44.467,1406.648278,217378,46.472,1876.029643,250027,48.944,1937.577675,304739,50.939,1172.603047,348643,52.933,1267.100083,395114,54.926,1315.980812,454429,57.939,1246.90737,527982,60.66,1173.618235,614382,62.974,1075.811558,710960,65.152,986.1478792
"Africa","Congo Dem. Rep.",14100005,39.143,780.5423257,15577932,40.652,905.8602303,17486434,42.122,896.3146335,19941073,44.056,861.5932424,23007669,45.989,904.8960685,26480870,47.804,795.757282,30646495,47.784,673.7478181,35481645,47.412,672.774812,41672143,45.548,457.7191807,47798986,42.587,312.188423,55379852,44.966,241.1658765,64606759,46.462,277.5518587
"Africa","Congo Rep.",854885,42.111,2125.621418,940458,45.053,2315.056572,1047924,48.435,2464.783157,1179760,52.04,2677.939642,1340458,54.907,3213.152683,1536769,55.625,3259.178978,1774735,56.695,4879.507522,2064095,57.47,4201.194937,2409073,56.433,4016.239529,2800947,52.962,3484.164376,3328795,52.97,3484.06197,3800610,55.322,3632.557798
"Americas","Costa Rica",926317,57.206,2627.009471,1112300,60.026,2990.010802,1345187,62.842,3460.937025,1588717,65.424,4161.727834,1834796,67.849,5118.146939,2108457,70.75,5926.876967,2424367,73.45,5262.734751,2799811,74.752,5629.915318,3173216,75.713,6160.416317,3518107,77.26,6677.045314,3834934,78.123,7723.447195,4133884,78.782,9645.06142
"Africa","Cote d'Ivoire",2977019,40.477,1388.594732,3300000,42.469,1500.895925,3832408,44.93,1728.869428,4744870,47.35,2052.050473,6071696,49.801,2378.201111,7459574,52.374,2517.736547,9025951,53.983,2602.710169,10761098,54.655,2156.956069,12772596,52.044,1648.073791,14625967,47.991,1786.265407,16252726,46.832,1648.800823,18013409,48.328,1544.750112
"Europe","Croatia",3882229,61.21,3119.23652,3991242,64.77,4338.231617,4076557,67.13,5477.890018,4174366,68.5,6960.297861,4225310,69.61,9164.090127,4318673,70.64,11305.38517,4413368,70.46,13221.82184,4484310,71.52,13822.58394,4494013,72.527,8447.794873,4444595,73.68,9875.604515,4481020,74.876,11628.38895,4493312,75.748,14619.22272
"Americas","Cuba",6007797,59.421,5586.53878,6640752,62.325,6092.174359,7254373,65.246,5180.75591,8139332,68.29,5690.268015,8831348,70.723,5305.445256,9537988,72.649,6380.494966,9789224,73.717,7316.918107,10239839,74.174,7532.924763,10723260,74.414,5592.843963,10983007,76.151,5431.990415,11226999,77.158,6340.646683,11416987,78.273,8948.102923
"Europe","Czech Republic",9125183,66.87,6876.14025,9513758,69.03,8256.343918,9620282,69.9,10136.86713,9835109,70.38,11399.44489,9862158,70.29,13108.4536,10161915,70.71,14800.16062,10303704,70.96,15377.22855,10311597,71.58,16310.4434,10315702,72.4,14297.02122,10300707,74.01,16048.51424,10256295,75.51,17596.21022,10228744,76.486,22833.30851
"Europe","Denmark",4334000,70.78,9692.385245,4487831,71.81,11099.65935,4646899,72.35,13583.31351,4838800,72.96,15937.21123,4991596,73.47,18866.20721,5088419,74.69,20422.9015,5117810,74.63,21688.04048,5127024,74.8,25116.17581,5171393,75.33,26406.73985,5283663,76.11,29804.34567,5374693,77.18,32166.50006,5468120,78.332,35278.41874
"Africa","Djibouti",63149,34.812,2669.529475,71851,37.328,2864.969076,89898,39.693,3020.989263,127617,42.074,3020.050513,178848,44.366,3694.212352,228694,46.519,3081.761022,305991,48.812,2879.468067,311025,50.04,2880.102568,384156,51.604,2377.156192,417908,53.157,1895.016984,447416,53.373,1908.260867,496374,54.791,2082.481567
"Americas","Dominican Republic",2491346,45.928,1397.717137,2923186,49.828,1544.402995,3453434,53.459,1662.137359,4049146,56.751,1653.723003,4671329,59.631,2189.874499,5302800,61.788,2681.9889,5968349,63.727,2861.092386,6655297,66.046,2899.842175,7351181,68.457,3044.214214,7992357,69.957,3614.101285,8650322,70.847,4563.808154,9319622,72.235,6025.374752
"Americas","Ecuador",3548753,48.357,3522.110717,4058385,51.356,3780.546651,4681707,54.64,4086.114078,5432424,56.678,4579.074215,6298651,58.796,5280.99471,7278866,61.31,6679.62326,8365850,64.342,7213.791267,9545158,67.231,6481.776993,10748394,69.613,7103.702595,11911819,72.312,7429.455877,12921234,74.173,5773.044512,13755680,74.994,6873.262326
"Africa","Egypt",22223309,41.893,1418.822445,25009741,44.444,1458.915272,28173309,46.992,1693.335853,31681188,49.293,1814.880728,34807417,51.137,2024.008147,38783863,53.319,2785.493582,45681811,56.006,3503.729636,52799062,59.797,3885.46071,59402198,63.674,3794.755195,66134291,67.217,4173.181797,73312559,69.806,4754.604414,80264543,71.338,5581.180998
"Americas","El Salvador",2042865,45.262,3048.3029,2355805,48.57,3421.523218,2747687,52.307,3776.803627,3232927,55.855,4358.595393,3790903,58.207,4520.246008,4282586,56.696,5138.922374,4474873,56.604,4098.344175,4842194,63.154,4140.442097,5274649,66.798,4444.2317,5783439,69.535,5154.825496,6353681,70.734,5351.568666,6939688,71.878,5728.353514
"Africa","Equatorial Guinea",216964,34.482,375.6431231,232922,35.983,426.0964081,249220,37.485,582.8419714,259864,38.987,915.5960025,277603,40.516,672.4122571,192675,42.024,958.5668124,285483,43.662,927.8253427,341244,45.664,966.8968149,387838,47.545,1132.055034,439971,48.245,2814.480755,495627,49.348,7703.4959,551201,51.579,12154.08975
"Africa","Eritrea",1438760,35.928,328.9405571,1542611,38.047,344.1618859,1666618,40.158,380.9958433,1820319,42.189,468.7949699,2260187,44.142,514.3242082,2512642,44.535,505.7538077,2637297,43.89,524.8758493,2915959,46.453,521.1341333,3668440,49.991,582.8585102,4058319,53.378,913.47079,4414865,55.24,765.3500015,4906585,58.04,641.3695236
"Africa","Ethiopia",20860941,34.078,362.1462796,22815614,36.667,378.9041632,25145372,40.059,419.4564161,27860297,42.115,516.1186438,30770372,43.515,566.2439442,34617799,44.51,556.8083834,38111756,44.916,577.8607471,42999530,46.684,573.7413142,52088559,48.091,421.3534653,59861301,49.402,515.8894013,67946797,50.725,530.0535319,76511887,52.947,690.8055759
"Europe","Finland",4090500,66.55,6424.519071,4324000,67.49,7545.415386,4491443,68.75,9371.842561,4605744,69.83,10921.63626,4639657,70.87,14358.8759,4738902,72.52,15605.42283,4826933,74.55,18533.15761,4931729,74.83,21141.01223,5041039,75.7,20647.16499,5134406,77.13,23723.9502,5193039,78.37,28204.59057,5238460,79.313,33207.0844
"Europe","France",42459667,67.41,7029.809327,44310863,68.93,8662.834898,47124000,70.51,10560.48553,49569000,71.55,12999.91766,51732000,72.38,16107.19171,53165019,73.83,18292.63514,54433565,74.89,20293.89746,55630100,76.34,22066.44214,57374179,77.46,24703.79615,58623428,78.64,25889.78487,59925035,79.59,28926.03234,61083916,80.657,30470.0167
"Africa","Gabon",420702,37.003,4293.476475,434904,38.999,4976.198099,455661,40.489,6631.459222,489004,44.598,8358.761987,537977,48.69,11401.94841,706367,52.79,21745.57328,753874,56.564,15113.36194,880397,60.19,11864.40844,985739,61.366,13522.15752,1126189,60.461,14722.84188,1299304,56.761,12521.71392,1454867,56.735,13206.48452
"Africa","Gambia",284320,30,485.2306591,323150,32.065,520.9267111,374020,33.896,599.650276,439593,35.857,734.7829124,517101,38.308,756.0868363,608274,41.842,884.7552507,715523,45.58,835.8096108,848406,49.265,611.6588611,1025384,52.644,665.6244126,1235767,55.861,653.7301704,1457766,58.041,660.5855997,1688359,59.448,752.7497265
"Europe","Germany",69145952,67.5,7144.114393,71019069,69.1,10187.82665,73739117,70.3,12902.46291,76368453,70.8,14745.62561,78717088,71,18016.18027,78160773,72.5,20512.92123,78335266,73.8,22031.53274,77718298,74.847,24639.18566,80597764,76.07,26505.30317,82011073,77.34,27788.88416,82350671,78.67,30035.80198,82400996,79.406,32170.37442
"Africa","Ghana",5581001,43.149,911.2989371,6391288,44.779,1043.561537,7355248,46.452,1190.041118,8490213,48.072,1125.69716,9354120,49.875,1178.223708,10538093,51.756,993.2239571,11400338,53.744,876.032569,14168101,55.729,847.0061135,16278738,57.501,925.060154,18418288,58.556,1005.245812,20550751,58.453,1111.984578,22873338,60.022,1327.60891
"Europe","Greece",7733250,65.86,3530.690067,8096218,67.86,4916.299889,8448233,69.51,6017.190733,8716441,71,8513.097016,8888628,72.34,12724.82957,9308479,73.68,14195.52428,9786480,75.24,15268.42089,9974490,76.67,16120.52839,10325429,77.03,17541.49634,10502372,77.869,18747.69814,10603863,78.256,22514.2548,10706290,79.483,27538.41188
"Americas","Guatemala",3146381,42.023,2428.237769,3640876,44.142,2617.155967,4208858,46.954,2750.364446,4690773,50.016,3242.531147,5149581,53.738,4031.408271,5703430,56.029,4879.992748,6395630,58.137,4820.49479,7326406,60.782,4246.485974,8486949,63.373,4439.45084,9803875,66.322,4684.313807,11178650,68.978,4858.347495,12572928,70.259,5186.050003
"Africa","Guinea",2664249,33.609,510.1964923,2876726,34.558,576.2670245,3140003,35.753,686.3736739,3451418,37.197,708.7595409,3811387,38.842,741.6662307,4227026,40.762,874.6858643,4710497,42.891,857.2503577,5650262,45.552,805.5724718,6990574,48.576,794.3484384,8048834,51.455,869.4497668,8807818,53.676,945.5835837,9947814,56.007,942.6542111
"Africa","Guinea-Bissau",580653,32.5,299.850319,601095,33.489,431.7904566,627820,34.488,522.0343725,601287,35.492,715.5806402,625361,36.486,820.2245876,745228,37.465,764.7259628,825987,39.327,838.1239671,927524,41.245,736.4153921,1050938,43.266,745.5398706,1193708,44.873,796.6644681,1332459,45.504,575.7047176,1472041,46.388,579.231743
"Americas","Haiti",3201488,37.579,1840.366939,3507701,40.696,1726.887882,3880130,43.59,1796.589032,4318137,46.243,1452.057666,4698301,48.042,1654.456946,4908554,49.923,1874.298931,5198399,51.461,2011.159549,5756203,53.636,1823.015995,6326682,55.089,1456.309517,6913545,56.671,1341.726931,7607651,58.137,1270.364932,8502814,60.916,1201.637154
"Americas","Honduras",1517453,41.912,2194.926204,1770390,44.665,2220.487682,2090162,48.041,2291.156835,2500689,50.924,2538.269358,2965146,53.884,2529.842345,3055235,57.402,3203.208066,3669448,60.909,3121.760794,4372203,64.492,3023.096699,5077347,66.399,3081.694603,5867957,67.659,3160.454906,6677328,68.565,3099.72866,7483763,70.198,3548.330846
"Asia","Hong Kong China",2125900,60.96,3054.421209,2736300,64.75,3629.076457,3305200,67.65,4692.648272,3722800,70,6197.962814,4115700,72,8315.928145,4583700,73.6,11186.14125,5264500,75.45,14560.53051,5584510,76.2,20038.47269,5829696,77.601,24757.60301,6495918,80,28377.63219,6762476,81.495,30209.01516,6980412,82.208,39724.97867
"Europe","Hungary",9504000,64.03,5263.673816,9839000,66.41,6040.180011,10063000,67.96,7550.359877,10223422,69.5,9326.64467,10394091,69.76,10168.65611,10637171,69.95,11674.83737,10705535,69.39,12545.99066,10612740,69.58,12986.47998,10348684,69.17,10535.62855,10244684,71.04,11712.7768,10083313,72.59,14843.93556,9956108,73.338,18008.94444
"Europe","Iceland",147962,72.49,7267.688428,165110,73.47,9244.001412,182053,73.68,10350.15906,198676,73.73,13319.89568,209275,74.46,15798.06362,221823,76.11,19654.96247,233997,76.99,23269.6075,244676,77.23,26923.20628,259012,78.77,25144.39201,271192,78.95,28061.09966,288030,80.5,31163.20196,301931,81.757,36180.78919
"Asia","India",3.72e+08,37.373,546.5657493,4.09e+08,40.249,590.061996,4.54e+08,43.605,658.3471509,5.06e+08,47.193,700.7706107,5.67e+08,50.651,724.032527,6.34e+08,54.208,813.337323,7.08e+08,56.596,855.7235377,7.88e+08,58.553,976.5126756,8.72e+08,60.223,1164.406809,9.59e+08,61.765,1458.817442,1034172547,62.879,1746.769454,1110396331,64.698,2452.210407
"Asia","Indonesia",82052000,37.468,749.6816546,90124000,39.918,858.9002707,99028000,42.518,849.2897701,109343000,45.964,762.4317721,121282000,49.203,1111.107907,136725000,52.702,1382.702056,153343000,56.159,1516.872988,169276000,60.137,1748.356961,184816000,62.681,2383.140898,199278000,66.041,3119.335603,211060000,68.588,2873.91287,223547000,70.65,3540.651564
"Asia","Iran",17272000,44.869,3035.326002,19792000,47.181,3290.257643,22874000,49.325,4187.329802,26538000,52.469,5906.731805,30614000,55.234,9613.818607,35480679,57.702,11888.59508,43072751,59.62,7608.334602,51889696,63.04,6642.881371,60397973,65.742,7235.653188,63327987,68.042,8263.590301,66907826,69.451,9240.761975,69453570,70.964,11605.71449
"Asia","Iraq",5441766,45.32,4129.766056,6248643,48.437,6229.333562,7240260,51.457,8341.737815,8519282,54.459,8931.459811,10061506,56.95,9576.037596,11882916,60.413,14688.23507,14173318,62.038,14517.90711,16543189,65.044,11643.57268,17861905,59.461,3745.640687,20775703,58.811,3076.239795,24001816,57.046,4390.717312,27499638,59.545,4471.061906
"Europe","Ireland",2952156,66.91,5210.280328,2878220,68.9,5599.077872,2830000,70.29,6631.597314,2900100,71.08,7655.568963,3024400,71.28,9530.772896,3271900,72.03,11150.98113,3480000,73.1,12618.32141,3539900,74.36,13872.86652,3557761,75.467,17558.81555,3667233,76.122,24521.94713,3879155,77.783,34077.04939,4109086,78.885,40675.99635
"Asia","Israel",1620914,65.39,4086.522128,1944401,67.84,5385.278451,2310904,69.39,7105.630706,2693585,70.75,8393.741404,3095893,71.63,12786.93223,3495918,73.06,13306.61921,3858421,74.45,15367.0292,4203148,75.6,17122.47986,4936550,76.93,18051.52254,5531387,78.269,20896.60924,6029529,79.696,21905.59514,6426679,80.745,25523.2771
"Europe","Italy",47666000,65.94,4931.404155,49182000,67.81,6248.656232,50843200,69.24,8243.58234,52667100,71.06,10022.40131,54365564,72.19,12269.27378,56059245,73.48,14255.98475,56535636,74.98,16537.4835,56729703,76.42,19207.23482,56840847,77.44,22013.64486,57479469,78.82,24675.02446,57926999,80.24,27968.09817,58147733,80.546,28569.7197
"Americas","Jamaica",1426095,58.53,2898.530881,1535090,62.61,4756.525781,1665128,65.61,5246.107524,1861096,67.51,6124.703451,1997616,69,7433.889293,2156814,70.11,6650.195573,2298309,71.21,6068.05135,2326606,71.77,6351.237495,2378618,71.766,7404.923685,2531311,72.262,7121.924704,2664659,72.047,6994.774861,2780132,72.567,7320.880262
"Asia","Japan",86459025,63.03,3216.956347,91563009,65.5,4317.694365,95831757,68.73,6576.649461,100825279,71.43,9847.788607,107188273,73.42,14778.78636,113872473,75.38,16610.37701,118454974,77.11,19384.10571,122091325,78.67,22375.94189,124329269,79.36,26824.89511,125956499,80.69,28816.58499,127065841,82,28604.5919,127467972,82.603,31656.06806
"Asia","Jordan",607914,43.158,1546.907807,746559,45.669,1886.080591,933559,48.126,2348.009158,1255058,51.629,2741.796252,1613551,56.528,2110.856309,1937652,61.134,2852.351568,2347031,63.739,4161.415959,2820042,65.869,4448.679912,3867409,68.015,3431.593647,4526235,69.772,3645.379572,5307470,71.263,3844.917194,6053193,72.535,4519.461171
"Africa","Kenya",6464046,42.27,853.540919,7454779,44.686,944.4383152,8678557,47.949,896.9663732,10191512,50.654,1056.736457,12044785,53.559,1222.359968,14500404,56.155,1267.613204,17661452,58.766,1348.225791,21198082,59.339,1361.936856,25020539,59.285,1341.921721,28263827,54.407,1360.485021,31386842,50.992,1287.514732,35610177,54.11,1463.249282
"Asia","Korea Dem. Rep.",8865488,50.056,1088.277758,9411381,54.081,1571.134655,10917494,56.656,1621.693598,12617009,59.942,2143.540609,14781241,63.983,3701.621503,16325320,67.159,4106.301249,17647518,69.1,4106.525293,19067554,70.647,4106.492315,20711375,69.978,3726.063507,21585105,67.727,1690.756814,22215365,66.662,1646.758151,23301725,67.297,1593.06548
"Asia","Korea Rep.",20947571,47.453,1030.592226,22611552,52.681,1487.593537,26420307,55.292,1536.344387,30131000,57.716,2029.228142,33505000,62.612,3030.87665,36436000,64.766,4657.22102,39326000,67.123,5622.942464,41622000,69.81,8533.088805,43805450,72.244,12104.27872,46173816,74.647,15993.52796,47969150,77.045,19233.98818,49044790,78.623,23348.13973
"Asia","Kuwait",160000,55.565,108382.3529,212846,58.033,113523.1329,358266,60.47,95458.11176,575003,64.624,80894.88326,841934,67.712,109347.867,1140357,69.343,59265.47714,1497494,71.309,31354.03573,1891487,74.174,28118.42998,1418095,75.19,34932.91959,1765345,76.156,40300.61996,2111561,76.904,35110.10566,2505559,77.588,47306.98978
"Asia","Lebanon",1439529,55.928,4834.804067,1647412,59.489,6089.786934,1886848,62.094,5714.560611,2186894,63.87,6006.983042,2680018,65.421,7486.384341,3115787,66.099,8659.696836,3086876,66.983,7640.519521,3089353,67.926,5377.091329,3219994,69.292,6890.806854,3430388,70.265,8754.96385,3677780,71.028,9313.93883,3921278,71.993,10461.05868
"Africa","Lesotho",748747,42.138,298.8462121,813338,45.047,335.9971151,893143,47.747,411.8006266,996380,48.492,498.6390265,1116779,49.767,496.5815922,1251524,52.208,745.3695408,1411807,55.078,797.2631074,1599200,57.18,773.9932141,1803195,59.685,977.4862725,1982823,55.558,1186.147994,2046772,44.593,1275.184575,2012649,42.592,1569.331442
"Africa","Liberia",863308,38.48,575.5729961,975950,39.486,620.9699901,1112796,40.502,634.1951625,1279406,41.536,713.6036483,1482628,42.614,803.0054535,1703617,43.764,640.3224383,1956875,44.852,572.1995694,2269414,46.027,506.1138573,1912974,40.802,636.6229191,2200725,42.221,609.1739508,2814651,43.753,531.4823679,3193942,45.678,414.5073415
"Africa","Libya",1019729,42.723,2387.54806,1201578,45.289,3448.284395,1441863,47.808,6757.030816,1759224,50.227,18772.75169,2183877,52.773,21011.49721,2721783,57.442,21951.21176,3344074,62.155,17364.27538,3799845,66.234,11770.5898,4364501,68.755,9640.138501,4759670,71.555,9467.446056,5368585,72.737,9534.677467,6036914,73.952,12057.49928
"Africa","Madagascar",4762912,36.681,1443.011715,5181679,38.865,1589.20275,5703324,40.848,1643.38711,6334556,42.881,1634.047282,7082430,44.851,1748.562982,8007166,46.881,1544.228586,9171477,48.969,1302.878658,10568642,49.35,1155.441948,12210395,52.214,1040.67619,14165114,54.978,986.2958956,16473477,57.286,894.6370822,19167654,59.443,1044.770126
"Africa","Malawi",2917802,36.256,369.1650802,3221238,37.207,416.3698064,3628608,38.41,427.9010856,4147252,39.487,495.5147806,4730997,41.766,584.6219709,5637246,43.767,663.2236766,6502825,45.642,632.8039209,7824747,47.457,635.5173634,10014249,49.42,563.2000145,10419991,47.495,692.2758103,11824495,45.009,665.4231186,13327079,48.303,759.3499101
"Asia","Malaysia",6748378,48.463,1831.132894,7739235,52.102,1810.066992,8906385,55.737,2036.884944,10154878,59.371,2277.742396,11441462,63.01,2849.09478,12845381,65.256,3827.921571,14441916,68,4920.355951,16331785,69.5,5249.802653,18319502,70.693,7277.912802,20476091,71.938,10132.90964,22662365,73.044,10206.97794,24821286,74.241,12451.6558
"Africa","Mali",3838168,33.685,452.3369807,4241884,35.307,490.3821867,4690372,36.936,496.1743428,5212416,38.487,545.0098873,5828158,39.977,581.3688761,6491649,41.714,686.3952693,6998256,43.916,618.0140641,7634008,46.364,684.1715576,8416215,48.388,739.014375,9384984,49.903,790.2579846,10580176,51.818,951.4097518,12031795,54.467,1042.581557
"Africa","Mauritania",1022556,40.543,743.1159097,1076852,42.338,846.1202613,1146757,44.248,1055.896036,1230542,46.289,1421.145193,1332786,48.437,1586.851781,1456688,50.852,1497.492223,1622136,53.599,1481.150189,1841240,56.145,1421.603576,2119465,58.333,1361.369784,2444741,60.43,1483.136136,2828858,62.247,1579.019543,3270065,64.164,1803.151496
"Africa","Mauritius",516556,50.986,1967.955707,609816,58.089,2034.037981,701016,60.246,2529.067487,789309,61.557,2475.387562,851334,62.944,2575.484158,913025,64.93,3710.982963,992040,66.711,3688.037739,1042663,68.74,4783.586903,1096202,69.745,6058.253846,1149818,70.736,7425.705295,1200206,71.954,9021.815894,1250882,72.801,10956.99112
"Americas","Mexico",30144317,50.789,3478.125529,35015548,55.19,4131.546641,41121485,58.299,4581.609385,47995559,60.11,5754.733883,55984294,62.361,6809.40669,63759976,65.032,7674.929108,71640904,67.405,9611.147541,80122492,69.498,8688.156003,88111030,71.455,9472.384295,95895146,73.67,9767.29753,102479927,74.902,10742.44053,108700891,76.195,11977.57496
"Asia","Mongolia",800663,42.244,786.5668575,882134,45.248,912.6626085,1010280,48.251,1056.353958,1149500,51.253,1226.04113,1320500,53.754,1421.741975,1528000,55.491,1647.511665,1756032,57.489,2000.603139,2015133,60.222,2338.008304,2312802,61.271,1785.402016,2494803,63.625,1902.2521,2674234,65.033,2140.739323,2874127,66.803,3095.772271
"Europe","Montenegro",413834,59.164,2647.585601,442829,61.448,3682.259903,474528,63.728,4649.593785,501035,67.178,5907.850937,527678,70.636,7778.414017,560073,73.066,9595.929905,562548,74.101,11222.58762,569473,74.865,11732.51017,621621,75.435,7003.339037,692651,75.445,6465.613349,720230,73.981,6557.194282,684736,74.543,9253.896111
"Africa","Morocco",9939217,42.873,1688.20357,11406350,45.423,1642.002314,13056604,47.924,1566.353493,14770296,50.335,1711.04477,16660670,52.862,1930.194975,18396941,55.73,2370.619976,20198730,59.65,2702.620356,22987397,62.677,2755.046991,25798239,65.393,2948.047252,28529501,67.66,2982.101858,31167783,69.615,3258.495584,33757175,71.164,3820.17523
"Africa","Mozambique",6446316,31.286,468.5260381,7038035,33.779,495.5868333,7788944,36.161,556.6863539,8680909,38.113,566.6691539,9809596,40.328,724.9178037,11127868,42.495,502.3197334,12587223,42.795,462.2114149,12891952,42.861,389.8761846,13160731,44.284,410.8968239,16603334,46.344,472.3460771,18473780,44.026,633.6179466,19951656,42.082,823.6856205
"Asia","Myanmar",20092996,36.319,331,21731844,41.905,350,23634436,45.108,388,25870271,49.379,349,28466390,53.07,357,31528087,56.059,371,34680442,58.056,424,38028578,58.339,385,40546538,59.32,347,43247867,60.328,415,45598081,59.908,611,47761980,62.069,944
"Africa","Namibia",485831,41.725,2423.780443,548080,45.226,2621.448058,621392,48.386,3173.215595,706640,51.159,3793.694753,821782,53.867,3746.080948,977026,56.437,3876.485958,1099010,58.968,4191.100511,1278184,60.835,3693.731337,1554253,61.999,3804.537999,1774766,58.909,3899.52426,1972153,51.479,4072.324751,2055080,52.906,4811.060429
"Asia","Nepal",9182536,36.157,545.8657229,9682338,37.686,597.9363558,10332057,39.393,652.3968593,11261690,41.472,676.4422254,12412593,43.971,674.7881296,13933198,46.748,694.1124398,15796314,49.594,718.3730947,17917180,52.537,775.6324501,20326209,55.727,897.7403604,23001113,59.426,1010.892138,25873917,61.34,1057.206311,28901790,63.785,1091.359778
"Europe","Netherlands",10381988,72.13,8941.571858,11026383,72.99,11276.19344,11805689,73.23,12790.84956,12596822,73.82,15363.25136,13329874,73.75,18794.74567,13852989,75.24,21209.0592,14310401,76.05,21399.46046,14665278,76.83,23651.32361,15174244,77.42,26790.94961,15604464,78.03,30246.13063,16122830,78.53,33724.75778,16570613,79.762,36797.93332
"Oceania","New Zealand",1994794,69.39,10556.57566,2229407,70.26,12247.39532,2488550,71.24,13175.678,2728150,71.52,14463.91893,2929100,71.89,16046.03728,3164900,72.22,16233.7177,3210650,73.84,17632.4104,3317166,74.32,19007.19129,3437674,76.33,18363.32494,3676187,77.55,21050.41377,3908037,79.11,23189.80135,4115771,80.204,25185.00911
"Americas","Nicaragua",1165790,42.314,3112.363948,1358828,45.432,3457.415947,1590597,48.632,3634.364406,1865490,51.884,4643.393534,2182908,55.151,4688.593267,2554598,57.47,5486.371089,2979423,59.298,3470.338156,3344353,62.008,2955.984375,4017939,65.843,2170.151724,4609572,68.426,2253.023004,5146848,70.836,2474.548819,5675356,72.899,2749.320965
"Africa","Niger",3379468,37.444,761.879376,3692184,38.598,835.5234025,4076008,39.487,997.7661127,4534062,40.118,1054.384891,5060262,40.546,954.2092363,5682086,41.291,808.8970728,6437188,42.598,909.7221354,7332638,44.555,668.3000228,8392818,47.391,581.182725,9666252,51.313,580.3052092,11140655,54.496,601.0745012,12894865,56.867,619.6768924
"Africa","Nigeria",33119096,36.324,1077.281856,37173340,37.802,1100.592563,41871351,39.36,1150.927478,47287752,41.04,1014.514104,53740085,42.821,1698.388838,62209173,44.514,1981.951806,73039376,45.826,1576.97375,81551520,46.886,1385.029563,93364244,47.472,1619.848217,106207839,47.464,1624.941275,119901274,46.608,1615.286395,135031164,46.859,2013.977305
"Europe","Norway",3327728,72.67,10095.42172,3491938,73.44,11653.97304,3638919,73.47,13450.40151,3786019,74.08,16361.87647,3933004,74.34,18965.05551,4043205,75.37,23311.34939,4114787,75.97,26298.63531,4186147,75.89,31540.9748,4286357,77.32,33965.66115,4405672,78.32,41283.16433,4535591,79.05,44683.97525,4627926,80.196,49357.19017
"Asia","Oman",507833,37.578,1828.230307,561977,40.08,2242.746551,628164,43.165,2924.638113,714775,46.988,4720.942687,829050,52.143,10618.03855,1004533,57.367,11848.34392,1301048,62.728,12954.79101,1593882,67.734,18115.22313,1915208,71.197,18616.70691,2283635,72.499,19702.05581,2713462,74.193,19774.83687,3204897,75.64,22316.19287
"Asia","Pakistan",41346560,43.436,684.5971438,46679944,45.557,747.0835292,53100671,47.67,803.3427418,60641899,49.8,942.4082588,69325921,51.929,1049.938981,78152686,54.043,1175.921193,91462088,56.158,1443.429832,105186881,58.245,1704.686583,120065004,60.838,1971.829464,135564834,61.818,2049.350521,153403524,63.61,2092.712441,169270617,65.483,2605.94758
"Americas","Panama",940080,55.191,2480.380334,1063506,59.201,2961.800905,1215725,61.817,3536.540301,1405486,64.071,4421.009084,1616384,66.216,5364.249663,1839782,68.681,5351.912144,2036305,70.472,7009.601598,2253639,71.523,7034.779161,2484997,72.462,6618.74305,2734531,73.738,7113.692252,2990875,74.712,7356.031934,3242173,75.537,9809.185636
"Americas","Paraguay",1555876,62.649,1952.308701,1770902,63.196,2046.154706,2009813,64.361,2148.027146,2287985,64.951,2299.376311,2614104,65.815,2523.337977,2984494,66.353,3248.373311,3366439,66.874,4258.503604,3886512,67.378,3998.875695,4483945,68.225,4196.411078,5154123,69.4,4247.400261,5884491,70.755,3783.674243,6667147,71.752,4172.838464
"Americas","Peru",8025700,43.902,3758.523437,9146100,46.263,4245.256698,10516500,49.096,4957.037982,12132200,51.445,5788.09333,13954700,55.448,5937.827283,15990099,58.447,6281.290855,18125129,61.406,6434.501797,20195924,64.134,6360.943444,22430449,66.458,4446.380924,24748122,68.386,5838.347657,26769436,69.906,5909.020073,28674757,71.421,7408.905561
"Asia","Philippines",22438691,47.752,1272.880995,26072194,51.334,1547.944844,30325264,54.757,1649.552153,35356600,56.393,1814.12743,40850141,58.065,1989.37407,46850962,60.06,2373.204287,53456774,62.082,2603.273765,60017788,64.151,2189.634995,67185766,66.458,2279.324017,75012988,68.564,2536.534925,82995088,70.303,2650.921068,91077287,71.688,3190.481016
"Europe","Poland",25730551,61.31,4029.329699,28235346,65.77,4734.253019,30329617,67.64,5338.752143,31785378,69.61,6557.152776,33039545,70.85,8006.506993,34621254,70.67,9508.141454,36227381,71.32,8451.531004,37740710,70.98,9082.351172,38370697,70.99,7738.881247,38654957,72.75,10159.58368,38625976,74.67,12002.23908,38518241,75.563,15389.92468
"Europe","Portugal",8526050,59.82,3068.319867,8817650,61.51,3774.571743,9019800,64.39,4727.954889,9103000,66.6,6361.517993,8970450,69.26,9022.247417,9662600,70.41,10172.48572,9859650,72.77,11753.84291,9915289,74.06,13039.30876,9927680,74.86,16207.26663,10156415,75.97,17641.03156,10433867,77.29,19970.90787,10642836,78.098,20509.64777
"Americas","Puerto Rico",2227000,64.28,3081.959785,2260000,68.54,3907.156189,2448046,69.62,5108.34463,2648961,71.1,6929.277714,2847132,72.16,9123.041742,3080828,73.44,9770.524921,3279001,73.75,10330.98915,3444468,74.63,12281.34191,3585176,73.911,14641.58711,3759430,74.917,16999.4333,3859606,77.778,18855.60618,3942491,78.746,19328.70901
"Africa","Reunion",257700,52.724,2718.885295,308700,55.09,2769.451844,358900,57.666,3173.72334,414024,60.542,4021.175739,461633,64.274,5047.658563,492095,67.064,4319.804067,517810,69.885,5267.219353,562035,71.913,5303.377488,622191,73.615,6101.255823,684810,74.772,6071.941411,743981,75.744,6316.1652,798094,76.442,7670.122558
"Europe","Romania",16630000,61.05,3144.613186,17829327,64.1,3943.370225,18680721,66.8,4734.997586,19284814,66.8,6470.866545,20662648,69.21,8011.414402,21658597,69.46,9356.39724,22356726,69.66,9605.314053,22686371,69.53,9696.273295,22797027,69.36,6598.409903,22562458,69.72,7346.547557,22404337,71.322,7885.360081,22276056,72.476,10808.47561
"Africa","Rwanda",2534927,40,493.3238752,2822082,41.5,540.2893983,3051242,43,597.4730727,3451079,44.1,510.9637142,3992121,44.6,590.5806638,4657072,45,670.0806011,5507565,46.218,881.5706467,6349365,44.02,847.991217,7290203,23.599,737.0685949,7212583,36.087,589.9445051,7852401,43.413,785.6537648,8860588,46.242,863.0884639
"Africa","Sao Tome and Principe",60011,46.471,879.5835855,61325,48.945,860.7369026,65345,51.893,1071.551119,70787,54.425,1384.840593,76595,56.48,1532.985254,86796,58.55,1737.561657,98593,60.351,1890.218117,110812,61.728,1516.525457,125911,62.742,1428.777814,145608,63.306,1339.076036,170372,64.337,1353.09239,199579,65.528,1598.435089
"Asia","Saudi Arabia",4005677,39.875,6459.554823,4419650,42.868,8157.591248,4943029,45.914,11626.41975,5618198,49.901,16903.04886,6472756,53.886,24837.42865,8128505,58.69,34167.7626,11254672,63.012,33693.17525,14619745,66.295,21198.26136,16945857,68.768,24841.61777,21229759,70.533,20586.69019,24501530,71.626,19014.54118,27601038,72.777,21654.83194
"Africa","Senegal",2755589,37.278,1450.356983,3054547,39.329,1567.653006,3430243,41.454,1654.988723,3965841,43.563,1612.404632,4588696,45.815,1597.712056,5260855,48.879,1561.769116,6147783,52.379,1518.479984,7171347,55.769,1441.72072,8307920,58.196,1367.899369,9535314,60.187,1392.368347,10870037,61.6,1519.635262,12267493,63.062,1712.472136
"Europe","Serbia",6860147,57.996,3581.459448,7271135,61.685,4981.090891,7616060,64.531,6289.629157,7971222,66.914,7991.707066,8313288,68.7,10522.06749,8686367,70.3,12980.66956,9032824,70.162,15181.0927,9230783,71.218,15870.87851,9826397,71.659,9325.068238,10336594,72.232,7914.320304,10111559,73.213,7236.075251,10150265,74.002,9786.534714
"Africa","Sierra Leone",2143249,30.331,879.7877358,2295678,31.57,1004.484437,2467895,32.767,1116.639877,2662190,34.113,1206.043465,2879013,35.4,1353.759762,3140897,36.788,1348.285159,3464522,38.445,1465.010784,3868905,40.006,1294.447788,4260884,38.333,1068.696278,4578212,39.897,574.6481576,5359092,41.012,699.489713,6144562,42.568,862.5407561
"Asia","Singapore",1127000,60.396,2315.138227,1445929,63.179,2843.104409,1750200,65.798,3674.735572,1977600,67.946,4977.41854,2152400,69.521,8597.756202,2325300,70.795,11210.08948,2651869,71.76,15169.16112,2794552,73.56,18861.53081,3235865,75.788,24769.8912,3802309,77.158,33519.4766,4197776,78.77,36023.1054,4553009,79.972,47143.17964
"Europe","Slovak Republic",3558137,64.36,5074.659104,3844277,67.45,6093.26298,4237384,70.33,7481.107598,4442238,70.98,8412.902397,4593433,70.35,9674.167626,4827803,70.45,10922.66404,5048043,70.8,11348.54585,5199318,71.08,12037.26758,5302888,71.38,9498.467723,5383010,72.71,12126.23065,5410052,73.8,13638.77837,5447502,74.663,18678.31435
"Europe","Slovenia",1489518,65.57,4215.041741,1533070,67.85,5862.276629,1582962,69.15,7402.303395,1646912,69.18,9405.489397,1694510,69.82,12383.4862,1746919,70.97,15277.03017,1861252,71.063,17866.72175,1945870,72.25,18678.53492,1999210,73.64,14214.71681,2011612,75.13,17161.10735,2011497,76.66,20660.01936,2009245,77.926,25768.25759
"Africa","Somalia",2526994,32.978,1135.749842,2780415,34.977,1258.147413,3080153,36.981,1369.488336,3428839,38.977,1284.73318,3840161,40.973,1254.576127,4353666,41.974,1450.992513,5828892,42.955,1176.807031,6921858,44.501,1093.244963,6099799,39.658,926.9602964,6633514,43.795,930.5964284,7753310,45.936,882.0818218,9118773,48.159,926.1410683
"Africa","South Africa",14264935,45.009,4725.295531,16151549,47.985,5487.104219,18356657,49.951,5768.729717,20997321,51.927,7114.477971,23935810,53.696,7765.962636,27129932,55.527,8028.651439,31140029,58.161,8568.266228,35933379,60.834,7825.823398,39964159,61.888,7225.069258,42835005,60.236,7479.188244,44433622,53.365,7710.946444,43997828,49.339,9269.657808
"Europe","Spain",28549870,64.94,3834.034742,29841614,66.66,4564.80241,31158061,69.69,5693.843879,32850275,71.44,7993.512294,34513161,73.06,10638.75131,36439000,74.39,13236.92117,37983310,76.3,13926.16997,38880702,76.9,15764.98313,39549438,77.57,18603.06452,39855442,78.77,20445.29896,40152517,79.78,24835.47166,40448191,80.941,28821.0637
"Asia","Sri Lanka",7982342,57.593,1083.53203,9128546,61.456,1072.546602,10421936,62.192,1074.47196,11737396,64.266,1135.514326,13016733,65.042,1213.39553,14116836,65.949,1348.775651,15410151,68.757,1648.079789,16495304,69.011,1876.766827,17587060,70.379,2153.739222,18698655,70.457,2664.477257,19576783,70.815,3015.378833,20378239,72.396,3970.095407
"Africa","Sudan",8504667,38.635,1615.991129,9753392,39.624,1770.337074,11183227,40.87,1959.593767,12716129,42.858,1687.997641,14597019,45.083,1659.652775,17104986,47.8,2202.988423,20367053,50.338,1895.544073,24725960,51.744,1507.819159,28227588,53.556,1492.197043,32160729,55.373,1632.210764,37090298,56.369,1993.398314,42292929,58.556,2602.394995
"Africa","Swaziland",290243,41.407,1148.376626,326741,43.424,1244.708364,370006,44.992,1856.182125,420690,46.633,2613.101665,480105,49.552,3364.836625,551425,52.537,3781.410618,649901,55.561,3895.384018,779348,57.678,3984.839812,962344,58.474,3553.0224,1054486,54.289,3876.76846,1130269,43.869,4128.116943,1133066,39.613,4513.480643
"Europe","Sweden",7124673,71.86,8527.844662,7363802,72.49,9911.878226,7561588,73.37,12329.44192,7867931,74.16,15258.29697,8122293,74.72,17832.02464,8251648,75.44,18855.72521,8325260,76.42,20667.38125,8421403,77.19,23586.92927,8718867,78.16,23880.01683,8897619,79.39,25266.59499,8954175,80.04,29341.63093,9031088,80.884,33859.74835
"Europe","Switzerland",4815000,69.62,14734.23275,5126000,70.56,17909.48973,5666000,71.32,20431.0927,6063000,72.77,22966.14432,6401400,73.78,27195.11304,6316424,75.39,26982.29052,6468126,76.21,28397.71512,6649942,77.41,30281.70459,6995447,78.03,31871.5303,7193761,79.37,32135.32301,7361757,80.62,34480.95771,7554661,81.701,37506.41907
"Asia","Syria",3661549,45.883,1643.485354,4149908,48.284,2117.234893,4834621,50.305,2193.037133,5680812,53.655,1881.923632,6701172,57.296,2571.423014,7932503,61.195,3195.484582,9410494,64.59,3761.837715,11242847,66.974,3116.774285,13219062,69.249,3340.542768,15081016,71.527,4014.238972,17155814,73.053,4090.925331,19314747,74.143,4184.548089
"Asia","Taiwan",8550362,58.5,1206.947913,10164215,62.4,1507.86129,11918938,65.2,1822.879028,13648692,67.5,2643.858681,15226039,69.39,4062.523897,16785196,70.59,5596.519826,18501390,72.16,7426.354774,19757799,73.4,11054.56175,20686918,74.26,15215.6579,21628605,75.25,20206.82098,22454239,76.99,23235.42329,23174294,78.4,28718.27684
"Africa","Tanzania",8322925,41.215,716.6500721,9452826,42.974,698.5356073,10863958,44.246,722.0038073,12607312,45.757,848.2186575,14706593,47.62,915.9850592,17129565,49.919,962.4922932,19844382,50.608,874.2426069,23040630,51.535,831.8220794,26605473,50.44,825.682454,30686889,48.466,789.1862231,34593779,49.651,899.0742111,38139640,52.517,1107.482182
"Asia","Thailand",21289402,50.848,757.7974177,25041917,53.63,793.5774148,29263397,56.061,1002.199172,34024249,58.285,1295.46066,39276153,60.405,1524.358936,44148285,62.494,1961.224635,48827160,64.597,2393.219781,52910342,66.084,2982.653773,56667095,67.298,4616.896545,60216677,67.521,5852.625497,62806748,68.564,5913.187529,65068149,70.616,7458.396327
"Africa","Togo",1219113,38.596,859.8086567,1357445,41.208,925.9083202,1528098,43.922,1067.53481,1735550,46.769,1477.59676,2056351,49.759,1649.660188,2308582,52.887,1532.776998,2644765,55.471,1344.577953,3154264,56.941,1202.201361,3747553,58.061,1034.298904,4320890,58.39,982.2869243,4977378,57.561,886.2205765,5701579,58.42,882.9699438
"Americas","Trinidad and Tobago",662850,59.1,3023.271928,764900,61.8,4100.3934,887498,64.9,4997.523971,960155,65.4,5621.368472,975199,65.9,6619.551419,1039009,68.3,7899.554209,1116479,68.832,9119.528607,1191336,69.582,7388.597823,1183669,69.862,7370.990932,1138101,69.465,8792.573126,1101832,68.976,11460.60023,1056608,69.819,18008.50924
"Africa","Tunisia",3647735,44.6,1468.475631,3950849,47.1,1395.232468,4286552,49.579,1660.30321,4786986,52.053,1932.360167,5303507,55.602,2753.285994,6005061,59.837,3120.876811,6734098,64.048,3560.233174,7724976,66.894,3810.419296,8523077,70.001,4332.720164,9231669,71.973,4876.798614,9770575,73.042,5722.895655,10276158,73.923,7092.923025
"Europe","Turkey",22235677,43.585,1969.10098,25670939,48.079,2218.754257,29788695,52.098,2322.869908,33411317,54.336,2826.356387,37492953,57.005,3450.69638,42404033,59.507,4269.122326,47328791,61.036,4241.356344,52881328,63.108,5089.043686,58179144,66.146,5678.348271,63047647,68.835,6601.429915,67308928,70.845,6508.085718,71158647,71.777,8458.276384
"Africa","Uganda",5824797,39.978,734.753484,6675501,42.571,774.3710692,7688797,45.344,767.2717398,8900294,48.051,908.9185217,10190285,51.016,950.735869,11457758,50.35,843.7331372,12939400,49.849,682.2662268,15283050,51.509,617.7244065,18252190,48.825,644.1707969,21210254,44.578,816.559081,24739869,47.813,927.7210018,29170398,51.542,1056.380121
"Europe","United Kingdom",50430000,69.18,9979.508487,51430000,70.42,11283.17795,53292000,70.76,12477.17707,54959000,71.36,14142.85089,56079000,72.01,15895.11641,56179000,72.76,17428.74846,56339704,74.04,18232.42452,56981620,75.007,21664.78767,57866349,76.42,22705.09254,58808266,77.218,26074.53136,59912431,78.471,29478.99919,60776238,79.425,33203.26128
"Americas","United States",157553000,68.44,13990.48208,171984000,69.49,14847.12712,186538000,70.21,16173.14586,198712000,70.76,19530.36557,209896000,71.34,21806.03594,220239000,73.38,24072.63213,232187835,74.65,25009.55914,242803533,75.02,29884.35041,256894189,76.09,32003.93224,272911760,76.81,35767.43303,287675526,77.31,39097.09955,301139947,78.242,42951.65309
"Americas","Uruguay",2252965,66.071,5716.766744,2424959,67.044,6150.772969,2598466,68.253,5603.357717,2748579,68.468,5444.61962,2829526,68.673,5703.408898,2873520,69.481,6504.339663,2953997,70.805,6920.223051,3045153,71.918,7452.398969,3149262,72.752,8137.004775,3262838,74.223,9230.240708,3363085,75.307,7727.002004,3447496,76.384,10611.46299
"Americas","Venezuela",5439568,55.088,7689.799761,6702668,57.907,9802.466526,8143375,60.77,8422.974165,9709552,63.479,9541.474188,11515649,65.712,10505.25966,13503563,67.456,13143.95095,15620766,68.557,11152.41011,17910182,70.19,9883.584648,20265563,71.15,10733.92631,22374398,72.146,10165.49518,24287670,72.766,8605.047831,26084662,73.747,11415.80569
"Asia","Vietnam",26246839,40.412,605.0664917,28998543,42.887,676.2854478,33796140,45.363,772.0491602,39463910,47.838,637.1232887,44655014,50.254,699.5016441,50533506,55.764,713.5371196,56142181,58.816,707.2357863,62826491,62.82,820.7994449,69940728,67.662,989.0231487,76048996,70.672,1385.896769,80908147,73.017,1764.456677,85262356,74.249,2441.576404
"Asia","West Bank and Gaza",1030585,43.16,1515.592329,1070439,45.671,1827.067742,1133134,48.127,2198.956312,1142636,51.631,2649.715007,1089572,56.532,3133.409277,1261091,60.765,3682.831494,1425876,64.406,4336.032082,1691210,67.046,5107.197384,2104779,69.718,6017.654756,2826046,71.096,7110.667619,3389578,72.37,4515.487575,4018332,73.422,3025.349798
"Asia","Yemen Rep.",4963829,32.548,781.7175761,5498090,33.97,804.8304547,6120081,35.18,825.6232006,6740785,36.984,862.4421463,7407075,39.848,1265.047031,8403990,44.175,1829.765177,9657618,49.113,1977.55701,11219340,52.922,1971.741538,13367997,55.599,1879.496673,15826497,58.02,2117.484526,18701257,60.308,2234.820827,22211743,62.698,2280.769906
"Africa","Zambia",2672000,42.038,1147.388831,3016000,44.077,1311.956766,3421000,46.023,1452.725766,3900000,47.768,1777.077318,4506497,50.107,1773.498265,5216550,51.386,1588.688299,6100407,51.821,1408.678565,7272406,50.821,1213.315116,8381163,46.1,1210.884633,9417789,40.238,1071.353818,10595811,39.193,1071.613938,11746035,42.384,1271.211593
"Africa","Zimbabwe",3080907,48.451,406.8841148,3646340,50.469,518.7642681,4277736,52.358,527.2721818,4995432,53.995,569.7950712,5861135,55.635,799.3621758,6642107,57.674,685.5876821,7636524,60.363,788.8550411,9216418,62.351,706.1573059,10704340,60.377,693.4207856,11404948,46.809,792.4499603,11926563,39.989,672.0386227,12311143,43.487,469.7092981
